Date,AMZN,AAPL,TSLA,GE,GILD,BA,NFLX,MS,LNVGY,BABA,LK,JOBS,CEO,TSM,JD,^GSPC,RF,Mkt_RF
2019-05-20,-0.005366521828183535,-0.031269954064684025,-0.0268682806024918,-0.012000093356790309,-0.007534607636143886,-0.006281236615067187,-0.01788694212758435,-0.00022786302940536185,-0.0525327819919138,-0.052603721427453065,-0.0868497852454504,-0.0033384040312579577,0.009442892424711857,-0.03950325682164968,-0.03241210757082069,-0.0067493779153879885,0.0065,-0.013249377915387987
2019-05-21,-0.0007799755750366177,0.01917098870014078,-0.0013634533933921666,0.008097229750801294,0.010021249096231477,0.016893828289557433,0.017695567267018486,0.011853306072060255,0.03498347483595876,0.017304692716566095,-0.06878026032591988,-0.0006978792839209547,-0.0070304350394641,0.01655472741011854,0.024329993365977964,0.008495835590448308,0.0065,0.001995835590448309
2019-05-22,0.0011628591654331277,-0.020471645795645088,-0.06022034025359513,-0.006023998791902296,-0.0003006593750193298,-0.016641142989580415,0.01541203641848865,-0.02027484212172581,-0.013392760174160911,-0.028146552351943188,-0.14887477986522213,-0.04134077021722993,-0.012989981916165183,-0.010178220175950492,-0.02822718472839425,-0.0028243962306494508,0.0065,-0.00932439623064945
2019-05-23,-0.02376756859546214,-0.017069647055726445,0.014320503239959148,-0.034343456686567575,0.010075057533424303,-0.006321207827971853,-0.02090462097013035,-0.017935174657748187,-0.031027838996868895,-0.01781780393143184,0.07050847199003574,0.0007284826952569379,-0.02833768903972156,-0.021336596127021323,-0.054197619699134836,-0.01191414994527018,0.0065,-0.01841414994527018
2019-05-24,0.004296411368915898,-0.0038406171699969516,-0.024860610074477263,-0.011506340045708274,-0.004168559408327499,0.012409071610842926,0.006189555226281618,0.005853374728644445,0.0,-0.0064102564102563875,-0.02976569146068897,-0.008443759068860746,0.016290286737939974,0.0034146732898956422,-0.014232249335464076,0.0013535590072402126,0.0065,-0.005146440992759787
2019-05-28,0.007212290050219838,-0.004134752354363891,-0.010124266321623665,-0.009524010860016974,-0.04365358552674259,-5.629372612991901e-05,0.0018905242316742399,-0.018389186024437842,-0.03935951899537349,-0.0012258222026210186,0.05156664042194725,0.027749219978147943,-0.010145760844263774,-0.014397918353670769,-0.0011397712630967227,-0.008375676922946718,0.0065,-0.014875676922946716
2019-05-29,-0.00938784042977836,-0.00476916780782799,0.00614728228101491,0.0010686154995422914,-0.00937945769894366,-0.017132642402033604,-0.016532403417872543,0.0004743950162600097,0.0006943423073371147,-0.015050719383758238,0.0707634603636158,-0.025714329310825845,0.002304708041452219,0.0010622976327347988,-0.010650463175911673,-0.0069119122568113145,0.0065,-0.013411912256811313
2019-05-30,-0.0015776225735774085,0.005186674392381629,-0.008637920413351985,0.010672287702801153,-0.0004734068737455299,0.003067636316602229,0.007617639805010512,-0.0085328862100581,-0.0041637449764017065,-0.009247038580980638,0.07246376811594213,0.028005920052443622,-0.002601978970514729,0.009286351288238848,0.013071901176315626,0.0020984713906617714,0.0065,-0.004401528609338228
2019-05-31,-0.022710756485539996,-0.018115547113074504,-0.016257557521679122,-0.0031679995131771443,-0.01720872388830541,-0.023608692594116132,-0.02435699069363506,-0.027253149455038095,-0.024390309805899957,-0.011981285030974065,0.08648650710647177,0.003423161627160276,-0.014924411458885678,0.008149287071585132,-0.02239089730726529,-0.01319537280847849,0.0065,-0.019695372808478488
2019-06-03,-0.04640944152935211,-0.010110272465150394,-0.03343062019628307,0.009533897658408508,0.022168716861212356,-0.007962252405793402,-0.019371923561325333,0.0009829076632577038,0.0,0.004354878595708822,0.026368097972051974,0.00014217677963634934,0.015581576437693423,0.012255469674262054,0.0,-0.0027652403144732274,0.0065,-0.009265240314473226
2019-06-04,0.02178196743868477,0.03658392351874906,0.08174561678543579,0.04931810799471381,0.010843929990368872,0.01690810116585184,0.04981727347658693,0.0429660580366813,-0.01785713884711415,0.02828357101459189,-0.04071731843967963,-0.005258708689203639,-0.00046297625845082013,0.006182528187545833,0.04037263194635665,0.021432370568193138,0.0065,0.014932370568193139
2019-06-05,0.005168910649751446,0.016143381389298606,0.015444203354884278,-0.011000061565537678,0.001865658760694,0.011984174733218333,0.006593144114558802,-0.0011770508152147974,0.02981822072932583,-0.01621797015236226,-0.05760491380789268,-0.005572216053035817,-0.015839220749506944,-0.021249403619157392,-0.022761146282399447,0.008161854781411959,0.0065,0.0016618547814119594
2019-06-06,0.009122798591638004,0.014681649824820564,0.04761172479460041,0.0030333665464390425,-0.011017987961080777,0.005419492604348264,0.003935551832139783,0.008955921137942857,0.021892693939228325,-0.0009890794759066512,-0.05201068810697029,-0.0007183250497033722,0.012849852645606452,0.005492958814773852,0.001909096450591008,0.006135586748687638,0.0065,-0.0003644132513123616
2019-06-07,0.028312344307920956,0.02661710582748933,-0.007040473670762215,0.006048386120759641,0.02541969070120853,0.008726883735833635,0.010472349517655966,-0.0025695133992155172,0.0020733123177623103,0.01801977377913566,0.07409499113859641,0.021998543668765524,0.007034120768284247,0.009885542367725764,0.02134144324798215,0.01049769746289475,0.0065,0.003997697462894751
2019-06-10,0.03137418705164108,0.012779386562825845,0.0409779614967416,0.007014155249164045,0.01178281302645412,0.0002825992312458503,-0.024551737388655237,0.013817303688775429,0.020689647695928626,0.03643915276963905,-0.02843596707146856,0.01660101680892523,0.011725232674197228,0.0206081467428314,0.01716421660136369,0.0046600444669098184,0.0065,-0.0018399555330901813
2019-06-11,0.0016499498992310624,0.011579541857564823,0.01982332654752783,0.006965108420249555,-0.00030260034810025704,-0.012634246110133085,-0.00210227189972767,0.008777910927245669,0.028378311685175905,0.017516344610931878,-0.0460704794753789,0.030999139185555302,0.002157569784287716,0.008581436022899291,0.027145992843174538,-0.00034988023558091275,0.0065,-0.0068498802355809124
2019-06-12,-0.004496434566917951,-0.003182517532876128,-0.0361123225445279,0.015810304814385834,0.010287495048274975,-0.006584028323489366,-0.01625527837180496,-0.02404377735559382,-0.003942152658818587,-0.016046730453692204,0.033522735215907984,-0.024026857926541578,-0.028849128695474402,-0.012512589037996125,-0.027142865317208442,-0.0020375791387226005,0.0065,-0.0085375791387226
2019-06-13,0.008074134366433672,-0.00020602855148654786,0.02222116693893894,0.0029181937806239677,0.012698409819653866,0.005273284190506544,-0.006163922033398328,0.007742717260507792,-0.007915578590575012,0.0018121004566862275,-0.012644389380545795,-0.013340685365381466,0.0092474364389028,-0.0002532633662665207,0.011013257963653267,0.004097381912668174,0.0065,-0.0024026180873318254
2019-06-14,-0.0003368469584370537,-0.007262454079598468,0.0047216038812150085,-0.007759517738715527,-0.009404371685497459,-0.004872977326534245,-0.010773612580034952,-0.003026731889447243,-0.029255268373094556,-0.013908786266271567,0.07071272397010597,-0.013521065647996044,-0.013367356263514818,-0.040811302362292134,-0.01779236246105309,-0.001611511904139773,0.0065,-0.008111511904139772
2019-06-17,0.008750199215386889,0.005966768467417838,0.047040743173720756,-0.017595118492525152,0.011151177052618921,0.022295194943223073,0.03205481935270549,-0.007239639647698248,0.003424584527504493,0.011448434463744883,0.10088406553503271,-0.007912923345441691,0.011640244234881303,-0.0047568227752439185,0.010351227155004361,0.0009317492412306283,0.0065,-0.005568250758769371
2019-06-18,0.008133468493092488,0.02351835620879794,-0.0012886872096607993,0.036815846130556995,0.016393393772100362,0.05370526531066777,0.018538589043752385,0.01952476834364414,0.02662118140550307,0.035019640525800755,-0.02220119563819911,0.04956563740652742,0.028420609402860064,0.04115779547984544,0.03402855132718452,0.009717399870633026,0.0065,0.003217399870633026
2019-06-19,0.003902472409035296,-0.00292269473604001,0.007519743315050453,-0.007677602984765608,0.0008800208184029934,-0.01443999858420797,0.01792113010749863,-0.004614594458196675,0.027925606966776373,-0.00030202280604074705,-0.03671498554930075,0.005563794532926547,0.014734667768248277,0.004845704991121913,0.014154268056992825,0.002985163546397107,0.0065,-0.0035148364536028926
2019-06-20,0.004924534470206465,0.008035685806492943,-0.03007550971224837,0.02804647924675341,0.004541409501937599,0.01714780071373223,0.004648994532574946,0.007417709739227396,0.007761841405651948,0.016862040208650564,-0.007522548370752169,0.042105301090818115,0.026691565063275746,0.028172558866629505,0.016050278934765183,0.009472185190685156,0.0065,0.0029721851906851565
2019-06-21,-0.003591871914975231,-0.0034093183125640802,0.010199477819668346,-0.014111184317762038,0.011812674042560367,-0.008109304751917845,0.010952602868456784,0.0027611481955129857,-0.036585235429485996,-0.004160457344678625,-0.03335026398320684,-0.03328152880338453,0.006396756539562842,0.0002467996945247908,-0.002060486660775629,-0.0012592227925193322,0.0065,-0.007759222792519332
2019-06-24,0.001360317856702542,-0.0010060415937408473,0.008023054622246839,-0.019083755039556283,-0.007783175908352313,0.005782024301782318,0.004956575207056391,-0.01170247575541672,0.005995958430367487,0.0032826203625189176,-0.049137410765642486,-0.0021433845792208084,-0.003148975692497169,0.0187546685591371,-0.005161721310630751,-0.0017318870104667816,0.0065,-0.00823188701046678
2019-06-25,-0.018616439954182384,-0.015157585853559752,-0.017349332978086385,-0.005836480991285198,-0.005229524675697705,-0.012486965829558105,-0.028945721497990018,-0.009519377064415302,-0.011258288119206372,-0.01368234960289938,-0.0076966076353292,-0.058799803718994514,-0.01398064772234009,-0.02651349058164354,-0.014181938760847501,-0.009496397343734198,0.0065,-0.015996397343734196
2019-06-26,0.010413804362547907,0.021629085943119186,-0.002229695429159073,0.004892334894035066,-0.02628502346567385,0.015217144400332172,0.005273451230740189,0.007735550404486924,0.020093623778743908,0.01924006262177458,0.0,0.06019114511432555,0.020289515322038376,0.0041110782842765925,0.057543838233278466,-0.0012339337557076835,0.0065,-0.007733933755707683
2019-06-27,0.0033986570933870475,-0.0003002481973575222,0.016281313002546982,0.0126580680337256,0.005998901406874424,-0.029124637467861203,0.021590216850050137,0.011630500243485331,0.014445253785880796,0.011302374940733273,0.01939060367111267,0.0014798951653678394,-0.0029073928421921025,0.013050151407465016,0.004976825776924931,0.003823175554131808,0.0065,-0.0026768244458681917
2019-06-28,-0.005592677678815328,-0.009111906468999176,0.002782277578280201,0.010587141737704586,0.00715550463307113,-2.7484362294050158e-05,-0.007296853601477582,0.007357921572934023,0.0019417334802414032,-0.008484476302090815,0.059239139955751474,0.014239622834887777,-0.006589660531088892,-0.010608661473886727,0.0,0.0057574526279098315,0.0065,-0.0007425473720901682
2019-07-01,0.015082110259023285,0.01834079796493482,0.01660245106156344,0.012380955688201079,0.003996423368007651,-0.020741106323787784,0.01981922746960829,0.003195634796928415,0.022609813305077386,0.03304813339846868,-0.017957946925601598,0.020927176570260775,0.021896080899546755,0.05642068297222691,0.029712763001895848,0.007672301032188189,0.0065,0.0011723010321881893
2019-07-02,0.006305369165876096,0.005854308189962465,-0.011533175206229873,-0.000940671528081638,0.014890203307207361,-0.006452332720850995,0.0022156608615651052,-0.0027302734903380532,0.008843991406378926,0.00228502650391893,-0.018808710265561968,-0.005448860391387589,-0.013442088951488351,-0.014016529665053512,0.00833601232542236,0.002928125887423194,0.0065,-0.0035718741125768056
2019-07-03,0.002424606843878685,0.008287066747795002,0.04609217773006735,-0.0009416475760616327,0.0023242460984500557,0.0008752093273312056,0.01675414502738959,0.003650513117296139,-0.020663725701917657,-0.004445704148555607,0.029286433277484036,-0.01578406804153676,0.006987297858402242,-0.011519466056591932,0.0015898008218639958,0.007672378673070135,0.0065,0.0011723786730701352
2019-07-05,0.002016520979725378,-0.0008806597175331499,-0.007662848315439286,-0.010367614920415824,-0.006811793121139109,0.003921323881577621,-0.0030651090432588513,0.005000994521109359,0.020460365425073457,-0.007843333895626414,0.013450606824005895,0.006759471926557126,-0.011333305625686463,-0.009918222672072763,-0.014920613122364812,-0.00180590159841032,0.0065,-0.008305901598410319
2019-07-08,0.004843205266242823,-0.020613959197998022,-0.01184037218092271,-0.0285715486767798,-0.015321653656937384,-0.013319767315968178,-0.011535893500665861,-0.016285841535772838,-0.03007523141498425,-0.02798618590945512,-0.02348141849098051,-0.02185355519645038,-0.014153746015897584,-0.015276694442534766,-0.01482439515443712,-0.004835444424841517,0.0065,-0.011335444424841516
2019-07-09,0.01842940887196942,0.006099582145506988,-0.0012155890182959928,0.004902107426424607,0.004001161543430554,0.005610687951719262,0.010022301618909824,0.006668110691573359,-0.010335887574831726,0.002077804154684282,-0.010454723699151791,0.02126506240598025,-0.004627496538386344,0.008901138940981435,0.005888135654978699,0.0012365569653400854,0.0065,-0.005263443034659914
2019-07-10,0.014640640062710597,0.009888526235413586,0.038511677805164624,-0.004878193995412228,-0.004280347282101027,-0.0022375085346426626,0.0028163275994159687,-0.010735391202879252,0.03691172033361334,-0.011078260320902866,0.0005282741004024594,0.002240456042349015,0.023542814987007832,0.02621645506121628,-0.0013008427813769874,0.0045106896075925995,0.0065,-0.0019893103924074
2019-07-11,-0.008099537334396723,-0.007282356428361503,-0.001339343200528087,-0.008823417078374085,-0.01882595989116198,0.01901794867633888,-0.003937007874015741,0.020087747783850363,-0.0065317498244558125,-0.002276341225039613,0.029039029648998627,0.014201106618301429,-0.0006405870449719409,0.004667195035701788,-0.006512499562135843,0.002285226738359958,0.0065,-0.004214773261640042
2019-07-12,0.00496237211965167,0.007682836930396286,0.027158373564052596,0.0257170239954565,0.0010576066021235064,0.017632307869665853,-0.016469038208168696,0.015617951622442616,0.04733730600362818,0.015130616789468476,-0.00410466519474284,-0.002333726326793073,-0.0016897956711815487,0.00806840640753026,0.01868238907073616,0.004620174547884881,0.0065,-0.0018798254521151187
2019-07-15,0.0049676729161487465,0.009394889505925264,0.03435616864797564,-0.00964302710087106,0.02731662955726799,-0.010182587644152918,-0.017816460539810786,-0.009806183817929415,0.026993035129189602,0.02620212032809599,0.08140133622498258,0.0011696422463238765,0.0019844489946088117,0.014309956183673922,-0.0016087270650991803,0.00017586919155743175,0.0065,-0.006324130808442568
2019-07-16,-0.005487392750038511,-0.003459955519751534,-0.004418126628535246,0.010710752684555347,-0.016600752524521978,0.003152552342980508,-0.0016639821576227565,0.0,0.0036675096623479675,0.0039769593164624695,-0.041448258283540707,0.021677026857468862,-0.01846567636469887,-0.0011956296383733855,-0.00999037597264485,-0.003403778522185874,0.0065,-0.009903778522185873
2019-07-17,-0.00889098706409397,-0.005623413850395331,0.009826419793075525,-0.03853568323215051,-0.0002987024485117118,0.018663062803477404,-0.009699685476904363,-0.01485476645576811,0.013398294163120772,0.003616768321846875,-0.030318120522245695,0.0080040307552518,-0.012937573334844688,-0.003351600009507516,-0.0003255282911900359,-0.006531243569450895,0.0065,-0.013031243569450894
2019-07-18,-0.007093269014523784,0.011359752354233477,-0.005179312923420776,0.008016078692060224,0.004333555275806811,-0.02275937780002102,-0.10272047990162703,0.015078757882556637,0.012620136571968699,-0.011554765975467896,0.02255256426938712,-0.0015124164699538145,-0.010341544254225399,0.037472927809963696,-0.004233121609968693,0.003581997784064761,0.0065,-0.0029180022159352387
2019-07-19,-0.006764752878132052,-0.014927544279424332,0.018300887442959768,-0.0019880353521768424,-0.0322868109307638,0.04500014455223922,-0.031087560706015482,-0.0009002589423102725,-0.018397517331363744,0.0010995511461266982,0.005012454651473375,0.004922991462243509,0.020291668973039023,0.014818261737057803,0.01340745089715556,-0.00617673452276668,0.0065,-0.01267673452276668
2019-07-22,0.01074561986728928,0.022854009431979794,-0.009683166485274786,0.016932296332245356,-0.0019987760663106036,-0.01044076076163114,-0.014217743254680726,0.0024780552344760842,-0.008464372463652947,0.005838455834235257,0.0783043222899904,0.005778157027332531,0.003691752991926478,0.017567820744081475,-0.010648593938151762,0.002828694915066654,0.0065,-0.0036713050849333457
2019-07-23,0.004462052512187675,0.007817704257568003,0.01756098994733013,0.04309478103849185,0.022954826264697914,-0.0009373215220004338,-0.010688324565088614,0.013483089652055913,0.004878065303221657,0.023505726079831257,0.0823311151804742,0.02735109841080474,0.00901756236535034,-0.004035920732164855,0.03881280299999945,0.006847482673755456,0.0065,0.00034748267375545646
2019-07-24,0.003168764140366598,-0.0008138044088166208,0.018103573348027036,0.002817075765976673,0.0036146033178079406,-0.031200656482460287,0.0346241948294701,0.00886929043022544,-0.0036408042925050177,0.0032567906282297,-0.011965759994079117,0.00437637492101417,-0.016874378929108813,0.002701516929627834,0.010989022834466233,0.004688147952890187,0.0065,-0.0018118520471098127
2019-07-25,-0.013489592472189615,-0.007907347034909584,-0.13613714821289402,-0.02340812722673513,-0.004802013339852751,-0.03690890509573441,0.026797474203460903,-0.013846182851164901,0.0048720622340627795,-0.007723763905273073,-0.00519034752930303,0.03413216655867135,0.0035284605234306987,-0.020655531700905616,-0.011490709020704482,-0.005262401280453521,0.0065,-0.01176240128045352
2019-07-26,-0.015589009280602029,0.003477925421410122,-0.0034087542651106695,0.007670041391654614,0.009046956074792778,-0.008877041328987256,0.02854869683319583,0.01938935431508093,-0.00909088683218251,0.008178759444652073,0.08347826418669335,-0.01931181506005286,-0.005840181417460122,-0.00366811431937486,-0.008796754235521398,0.007387691099234761,0.0065,0.0008876910992347614
2019-07-29,-0.015748486599563072,0.009338480903340551,0.03389750836911487,-0.012369175170425128,0.014196071654073883,-0.013884136929558144,-0.009172632626906596,-0.011150105586898551,-0.00978590442322358,-0.009622922501078879,0.06661315579173066,-0.010383133274567191,0.004315901932173238,0.01104467472677051,-0.005071310658675499,-0.0016161146071345112,0.0065,-0.00811611460713451
2019-07-30,-0.007278580998404949,-0.004292181567274733,0.02752683450342519,0.01348750761944717,-0.011492418168113971,0.021310399076921005,-0.020348720417350585,-0.004679084475633477,-0.0018530409516186452,-0.01649530052236914,-0.07938301792355174,-0.04003858861718601,-0.0032231169338364785,-0.018889356092921195,-0.03090153973288612,-0.0025786549148275606,0.0065,-0.00907865491482756
2019-07-31,-0.01672346473853703,0.02040438223297003,-0.0026830898418214177,-0.006654099039203998,-0.023401552843401507,-0.018074038834708372,-0.009020349484469836,-0.0024625217658651444,0.0030940934789227548,-0.0056864184862545075,-0.007355880787823121,-0.025753711829903603,-0.010000076784553835,-0.011134343022288107,-0.016765293478065324,-0.010885526112695776,0.0065,-0.017385526112695775
2019-08-01,-0.006138957363995834,-0.021639260930212623,-0.032117838324469794,-0.035406653312722414,-0.0007630624083365678,-0.020194593003591277,-0.010805258181043054,-0.036579803194281446,-0.05860575691623293,-0.04309402511446292,-0.02552494095778579,-0.025789812008971458,-0.03901276119787589,-0.017827963216905385,-0.04346369922074833,-0.00899879386967306,0.0065,-0.01549879386967306
2019-08-02,-0.01729079457095939,-0.021158112232404602,0.0020953511181254214,-0.00793645882942351,-0.007942593335641845,0.015764791086682273,-0.0020970686314064624,-0.018868009788221562,-0.017038048546481943,-0.028071198719090695,0.052386977909647525,-0.023692929758070913,-0.009504102610665366,-0.005254167780238128,-0.020971701106942242,-0.007282739927037873,0.0065,-0.013782739927037872
2019-08-05,-0.03187182469823546,-0.052347918706203034,-0.02568913896240199,-0.034000051815012755,-0.024480392664520623,-0.025032474650739656,-0.035128382401742986,-0.03869895489699404,-0.032666701993861014,-0.04552796168356954,-0.08671215819523626,-0.06521156519361915,-0.041748699403853395,-0.04273713936986201,-0.06569082961629602,-0.0297778200029859,0.0065,-0.0362778200029859
2019-08-06,0.01286021489016731,0.018930494375966944,0.010642958248179957,-0.00931674982656805,0.00978543725167813,0.004198797254535869,0.008029129738641894,0.01802924654702065,0.03514819876235542,0.024467980423232616,0.007032960325807025,-0.03770846394776206,0.014588803621881086,0.034863291858822976,0.011845604319397518,0.013017017169932643,0.0065,0.006517017169932643
2019-08-07,0.0031155470577677313,0.010355278633060738,0.011570889802285489,-0.011494194097451893,-0.0015631085383491783,-0.0032185967187472464,-0.018735883406123754,-0.016011670696421065,0.009986659663533626,0.01105256669069088,0.008729845668770109,-0.031047439426803103,-0.003333235554306757,0.0,0.003398797361923611,0.0007668762331907164,0.0065,-0.005733123766809283
2019-08-08,0.02201962177806771,0.02205589003301145,0.020906558543805964,0.003171240173491574,0.014715146557057635,0.021331508592011383,0.03815434298050091,0.017504913856102977,0.015820753124759612,0.019161921761917,0.04327130997790074,0.01104369379937542,0.008131588963734782,0.015511505214792276,0.03650738546647703,0.018762303409984193,0.0065,0.012262303409984195
2019-08-09,-0.013808825620453047,-0.008240349359357801,-0.013806146625085502,-0.03582724042343399,0.006479387700823569,0.0035676901781200865,-0.022063948576672265,0.005573010952148794,-0.0077871447782486,-0.019109888300999467,0.07590211021895832,-0.0346153846153846,-0.015481600275349394,-0.011694627853492068,-0.015976779935745755,-0.00661660635492356,0.0065,-0.013116606354923559
2019-08-12,-0.0125360496687702,-0.002537617869686315,-0.025530845304210015,-0.010928867769047446,-0.019313149110366412,-0.013657257146788115,0.006150240965688392,-0.02746983956600957,-0.01438855431376218,0.0011940827503564844,-0.05204319019566939,-0.0063745263088271775,-0.015461066183708572,-0.010867017326744444,0.0022140024021330973,-0.012317322177972212,0.0065,-0.01881732217797221
2019-08-13,0.022084979105208458,0.04234851885255542,0.02615610476100927,0.033149307171719045,0.005001597298412319,-0.00024030061040625217,0.0046649688565170155,0.008176376829407195,-0.0006634968940303354,0.029627777873558303,-0.0016267147327827525,0.03223740473810488,0.013757554703663688,0.021484462327373777,0.1288659801054266,0.015131688322181258,0.0065,0.00863168832218126
2019-08-14,-0.03364504754200959,-0.029765052684386006,-0.06544681305580946,-0.03422478947140484,-0.018351556066397268,-0.03737308247872839,-0.04217373344183417,-0.03342344625745963,-0.007304116331492305,-0.012010005702394522,-0.1674133943270555,0.008079500281775509,-0.043757431097772415,-0.03369976993169044,-0.033594282184331026,-0.029292752911742603,0.0065,-0.0357927529117426
2019-08-15,0.007464737981167424,-0.004981438966204066,-0.018122243834748697,-0.11295671796170903,-0.003960697513582856,0.023656470427243725,-0.011199811942085636,-0.005847906712122541,-0.04280937367671089,0.03029744376204957,0.011741671470031134,0.01726268178168011,-0.002353725552400099,0.01063557617792954,0.017887300089676872,0.0024642680276520945,0.0065,-0.004035731972347905
2019-08-16,0.009261734126690957,0.023594685197835474,0.019940656724465544,0.09737822937119356,0.004294550057212021,0.007469631234910956,0.023803008503152867,0.021483300964366014,-0.013277446768745982,0.045696860675751294,-0.05415864713276064,0.05060600511955493,0.006383902907915351,0.016642352301119878,0.03746687910584301,0.014426124657807904,0.0065,0.007926124657807905
2019-08-19,0.013137589903745583,0.018644136137314637,0.03132677546723284,-0.013651845837409637,0.015362689474848645,0.010077006528875332,0.02173057250696675,0.010766025108235766,0.01983005993916742,0.0210767041646005,-0.03476484272710689,0.04312093526215244,0.01620380711463043,0.0057774390026170686,0.009268104816027689,0.012105865492430645,0.0065,0.0056058654924306455
2019-08-20,-0.008116198419710674,4.757361610163713e-05,-0.004276335566547607,-0.033448780303169445,-0.01045080540708998,-0.006081762474246077,-0.0335833424411931,-0.011642132526038296,-0.008333396457685827,-0.00600175046419138,-0.004237284282951559,-0.004147698661180033,-0.00902429187293985,0.0038295644076402624,-0.0050664929638585265,-0.007914727601131322,0.0065,-0.01441472760113132
2019-08-21,0.012301698764070057,0.010838426230148634,-0.022270444060242367,-0.026252963344301272,0.010876360128102558,0.024837976170420273,-0.003946595920673701,0.0010024508101564855,-0.03781513199391351,-0.011116760600793807,0.037766011735876015,-0.02582258283872374,0.009790955611685082,0.015259913483050003,-0.021642275732800975,0.00824679859557964,0.0065,0.001746798595579641
2019-08-22,-0.010353490725939274,-0.0008465175675450576,0.005977447284694959,0.003676462374203382,0.0014035572581270195,0.04241295967792613,-0.00295492055346247,0.008262358274149006,-0.008005748855547168,-0.019002520695450387,-0.015889259984911308,-0.03092487139191169,-0.01206934660305159,-0.010568324011292374,-0.04066363075169699,-0.0005060748601761755,0.0065,-0.007006074860176175
2019-08-23,-0.030498840789987658,-0.04622044365918099,-0.04839076099732653,-0.02686206469929109,-0.026627346424139553,0.0045146048342001865,-0.018489173777637036,-0.023342378312812606,-0.02787971534742606,-0.04287132929426485,-0.021354157870842716,-0.016617606667911344,-0.029100886617156596,-0.028008428093997173,-0.024415032856651364,-0.025946336754618105,0.0065,-0.0324463367546181
2019-08-26,0.011002389120907674,0.018999203793589103,0.017029357651156873,0.010037639266097242,0.007838824389375665,0.008510983389934834,0.012146611704869192,0.02110339868117861,0.000754710020149485,0.008265471410263903,0.00851515910677203,-0.0002991516620202139,-0.0023328656628868183,0.009523579540652305,0.03371565164826884,0.010982987735216332,0.0065,0.004482987735216332
2019-08-27,-0.003979964091161858,-0.011283874309308994,-0.00427902576535244,-0.014906799722508968,0.004920645006366353,-0.012004215493814585,-0.013390779238984907,-0.009213057764749344,0.003016639618086847,0.0018083367257084593,0.027968272187798293,-0.017501842866881168,-0.002692553693862787,0.00024197900360900526,0.006052464914629407,-0.003203180635808267,0.0065,-0.009703180635808266
2019-08-28,0.0013735967747601219,0.006710545283069136,0.00705339417699169,0.0012610715841441245,0.0052123167275459625,0.014771759266754891,0.002542659648417045,0.014827797381527175,0.0007518727334085984,0.0077015571768963564,0.07956884911873252,-0.005937871312977183,0.009804690178455422,0.007255222454428001,0.012700506677728374,0.006545480165679685,0.0065,4.54801656796849e-05
2019-08-29,0.012554923856631817,0.016931682561865502,0.02838719380702237,0.021410490763426715,0.0017285554622616939,0.007695085651543643,0.0171710935129461,0.02253601191112309,-0.015026308674536137,0.031824707230860394,-0.004279607686605624,0.03767803721821683,0.009779768534912803,0.015125985617435722,0.014521470136522163,0.012687291793508804,0.0065,0.006187291793508804
2019-08-30,-0.005659418502795055,-0.0012916804668308135,0.01759060508402066,0.01726268014988186,-0.00329413261366307,0.0037216723656547934,-0.01020957878482287,0.00484371151204388,-0.0007627694548004715,0.012846486037073168,0.007640871219266598,0.06169742147860924,0.03288741555867114,0.008278162733420524,-0.007807409658592612,0.0006427872591217021,0.0065,-0.005857212740878298
2019-09-03,0.007628217498176104,-0.014563713029205339,-0.0026595173573706887,0.009697025806552073,-0.008970624137249361,-0.026559293271966267,-0.015182949634308551,-0.012051050790865103,0.002290055148518544,-0.01496883468811061,-0.05402849651122443,-0.03517306782375795,-0.01659479243505735,-0.021346420410540468,-0.034426204493788415,-0.00689910050906084,0.0065,-0.01339910050906084
2019-09-04,0.006022901210575249,0.01696656833452992,-0.019243529967439166,0.05642251800082665,0.00476415834853694,0.005953321159860803,0.007708460032776143,0.013173940481891355,0.020563558849744146,0.011136234140497692,-0.020040061967810496,-0.004322810449016279,0.03025110218019411,0.034276154169310624,0.014600963894312313,0.010842079212828093,0.0065,0.004342079212828093
2019-09-05,0.022270093464850094,0.019551594448150578,0.04032986032483343,0.0011363974630269613,0.012486105796561286,0.010574041283372804,0.005934450643269473,0.02263427524447037,0.02462686533415348,0.026444103492978543,0.03220864444358407,0.029667193878818443,-0.0014646933412061358,0.025260715662373423,0.032128548152096315,0.013009813642266721,0.0065,0.006509813642266721
2019-09-06,-0.003916924384074538,-9.37671549199326e-05,-0.009277783002581086,-0.011350748553424106,0.01186386599873046,0.007493838479460724,-0.010502938012840968,-0.006828460881771248,0.01602330641351557,-0.012574046995091348,0.01981176859582212,0.01363318622488463,0.01626992859524745,-0.011980170382499655,0.0077820937072214935,0.0009106051537297599,0.0065,-0.00558939484627024
2019-09-09,-0.0011780869306318165,0.0042670610559507605,0.019081116695769618,0.028702613070065386,0.023295294034976655,-0.01162538373523192,0.014370826471339582,0.02204848378132862,0.010752734103667061,0.006168975736202675,0.04711021399543691,-0.0006933312514354473,0.00990734187680209,0.003202844398755067,0.012870000627804856,-9.401025965849463e-05,0.0065,-0.006594010259658494
2019-09-10,-0.005897248970316071,0.011813016823573497,0.016178436782244843,0.020089348343523827,0.011307246825752681,0.029851122641299188,-0.02157371129483221,0.010902359246774074,-0.01276598274608165,-0.015693516173303723,-0.0347866427911907,-0.017344248720591704,0.0019491168793783764,0.00570130498400534,-0.019377341546161775,0.0003223043548219451,0.0065,-0.006177695645178055
2019-09-11,0.0013402220981624247,0.0317951684254163,0.049078635817405125,0.02406979216150451,0.014907465262325337,0.036401619721734946,0.0009722517753794069,0.008260576019174737,-0.02298851158502424,0.006286020973749418,-0.013455011363893599,0.030782269338743173,0.004646199378712579,0.0027211196755394518,0.006478744740966658,0.007229681189480308,0.0065,0.0007296811894803084
2019-09-12,0.011278207068545987,-0.002236225205634601,-0.004977709261084984,-0.010683567921104697,-0.01616011336374268,-0.019089168258129563,0.0020466797112987933,0.008648174088652594,0.03897060068542646,0.012209717757889482,0.02435460220540775,0.01013695703793882,-0.00046445316166821016,-0.00339212437133396,0.014483449223027023,0.002879153101061016,0.0065,-0.0036208468989389836
2019-09-13,-0.00228368251270894,-0.019454052581137526,-0.002724994335049691,0.009729666436453677,0.002411005869833893,0.010994872769516606,0.01831340030874662,0.018953092536380778,0.01203117144077992,0.005217642768850395,0.04612454977095948,-0.014239157211573095,0.005974564466801224,0.015203155265496981,-0.009200536526512426,-0.0007244143620946941,0.0065,-0.007224414362094694
2019-09-16,-0.017125708452679467,0.005257110495936468,-0.009747158073926454,0.004282673265751713,-0.009621244537031948,-0.002396288423977877,0.00047599745484538936,-0.009078876520371204,-0.011888143152400832,-0.011720661194327908,0.023636384443803227,0.007979009247216284,0.08327828869383636,-0.003129285416911043,-0.012167760689611229,-0.0031355866640028207,0.0065,-0.00963558666400282
2019-09-17,0.008136828085409498,0.0036381273195229547,0.008154522182108659,-0.002132307280735435,0.004401946057682737,0.014121699888794081,0.014645409064018011,-0.012067035666221582,-0.014154222636034497,0.010899602394251806,0.01243333808194258,0.00955376838689892,-0.031006288717120523,0.011883470471448998,0.010372761454370272,0.0025817523700197853,0.0065,-0.003918247629980214
2019-09-18,-0.0027928384704155595,0.009379217592756728,-0.005310640151983237,0.002136863730826555,-0.006800523176122675,0.0057522696799563455,-0.023576719360418608,0.0033928667055074246,-0.0035894146417752015,0.005586592178770999,-0.066666605319194,-0.0014870975873496617,0.009052516543678113,-0.001994305440227495,-0.004170649998344711,0.00034269198975556137,0.0065,-0.006157308010244438
2019-09-19,0.0022229040250305587,-0.00812488084162477,0.01277255348217432,0.004264410190235823,0.003651848031034577,-0.0050982242638524244,-0.01701190662851937,-0.007664630107366066,0.0014408361084399246,0.0025555928548177675,0.012687901395815215,-0.00487409433220487,0.0018691281079750155,0.004070000066744406,0.0003221108646360715,1.997472142156731e-05,0.0065,-0.006480025278578432
2019-09-20,-0.015009588701791143,-0.014618210329974679,-0.024249780067077453,-0.005307776018038557,0.006973782601908063,-0.013135969432054195,-0.05530357908572703,-0.007950919892274144,-0.015827193225424807,0.011359790073704135,-0.004640300587534174,-0.005442197631005508,-0.008892514482956693,-0.022939933225319287,-0.003542631423695375,-0.0048955765157830955,0.0065,-0.011395576515783094
2019-09-23,-0.004938235822209314,0.004547004343788963,0.002535072559625151,-0.0032018229727422964,-0.010388347956686417,-0.006220587417809953,-0.017839285585468656,-0.0025188206690159864,0.002192888226193901,-0.03029970382849223,0.002797177799920947,-0.023939808981248256,-0.008407586774323406,0.004559028080526328,-0.01971559792573685,-9.693591923765066e-05,0.0065,-0.00659693591923765
2019-09-24,-0.024472112407794233,-0.004754974543008328,-0.07470049770707798,-0.03961452246171404,-0.017800044183203023,0.012253698570317217,-0.042606861152715614,-0.023415910986092192,-0.02334063335120029,-0.03068139228650868,-0.05997214792193439,-0.02662931417676262,-0.008035962129975482,0.0011345844179107,-0.030333006218535075,-0.008416371322106486,0.0065,-0.014916371322106485
2019-09-25,0.01534210927122781,0.015389567278702332,0.024595749058844207,0.021181698250185343,-0.005576226201481793,0.01192194605564767,0.03990731689482829,0.011753691321700455,-0.0029872764681225794,0.029787237070522554,0.007418473341877618,0.025197985268511802,0.00025512765228863366,0.020172127512648075,0.01972118077916596,0.006158571742003405,0.0065,-0.00034142825799659497
2019-09-26,-0.016111241081918304,-0.00515760664069409,0.0606033943465254,-0.015283802126867863,-0.014018706296263339,0.001786656031695033,-0.005439102705972587,-0.009758421845148302,-0.014232229685722242,-0.009396601537971172,-0.010309326616070535,0.004494377928932147,-0.007971412058672134,0.03221510005379069,-0.013671218757626002,-0.002428916406865711,0.0065,-0.00892891640686571
2019-09-27,-0.008270884064703443,-0.0048661320029519395,-0.0017728056566221895,0.002217197825371553,-0.0063190803202565204,-0.010416448847560655,-0.0008735368518506537,0.005161842512759973,0.003039485685007781,-0.05154288155691966,-0.05704363230329568,-0.019574859650389853,-0.020506511942209427,-0.02044773993569904,-0.059499669824925605,-0.005316352490240539,0.0065,-0.011816352490240538
2019-09-30,0.0060622349554144694,0.023535347615611935,-0.005203793586005423,-0.011061993818091698,0.007631143227771364,-0.006242521068438034,0.017257141465129244,-0.003968242599906802,0.003030275206894917,0.007531028028533671,-0.0005260509606224151,0.05533367229662711,-0.0007875926581973891,0.02131406901486499,0.0140186698032565,0.005047606675254723,0.0065,-0.0014523933247452764
2019-10-01,-0.00014978297291068365,0.0027681811416244706,0.0158591759528528,-0.03691269555193266,-0.002524429132573558,-0.014534643077081855,0.007323785557278306,-0.030232035324645024,-0.006797520856593353,-0.012437970963316558,-0.012105239065069884,-0.007837862581820065,-0.004860362144841757,0.015275447433199973,-0.0007089170884109208,-0.012258373372913245,0.0065,-0.018758373372913244
2019-10-02,-0.01291737598591125,-0.025067918612003748,-0.006375419437027796,-0.011614339666751072,-0.02530849338460861,-0.020216584616058686,-0.005749639699433873,-0.0277911748331513,0.031178727082738833,0.003754225848565218,-0.02983491527084048,-0.0019068291084165523,-0.027588972513610033,-0.016105189424034494,-0.0046116021870299395,-0.017903202985502964,0.0065,-0.024403202985502963
2019-10-03,0.0065315594544410605,0.00849470148210374,-0.041541572010511674,0.023501747941024886,0.009899396026378904,0.012821271467339912,0.00044769286174672906,0.0004971631586747627,0.054572288743829134,0.022380354463768626,0.038440461182468244,0.017603724577186952,0.014593127224251212,0.01507654872428943,0.02637205221676253,0.00797191259701524,0.0065,0.0014719125970152408
2019-10-04,0.008831943540800635,0.028031940490967466,-0.006866062346884361,-0.01607343592926458,0.0053029205250165745,0.009756289046547018,0.017303802923928968,0.013167686761080821,-0.02937064013779367,0.005074348784703364,0.01956641153987282,0.004157135039055904,-0.006288607975188154,0.006153032882253662,0.006597240940656723,0.014216897585460186,0.0065,0.007716897585460187
2019-10-07,-0.004018043937733529,0.0002202741175307832,0.027178832459986868,-0.0011668659722511299,0.0027173033629874777,0.0022357797079342046,0.006121862450402915,-0.002452192488615723,-0.0036022721856634465,-0.011858571428315479,0.004668057540590853,0.00440707589688949,-0.01252179131997777,0.011176791773711559,-0.004829230450284938,-0.004478294673592398,0.0065,-0.010978294673592397
2019-10-08,-0.015669562336801057,-0.011715001606625641,0.009801439000386214,-0.032710303919854966,-0.016578974377598477,-0.006480064534947982,-0.013626722840538785,-0.021140560210344828,-0.04410704283363798,-0.03796348841720898,-0.04284976188668577,-0.010769812105488774,-0.011794400361988866,-0.0018769487563586873,-0.03882151904416509,-0.015560819201407838,0.0065,-0.022060819201407837
2019-10-09,0.00966278730373138,0.011720154158494589,0.018662777333308123,0.008454141511801572,0.004700991301855861,0.0022988281844869007,-0.011783401400052518,0.015569850069988345,0.0030256906377243986,0.020132217088110638,0.016720574467866234,0.031451563036281494,0.010141439842606514,0.017133383655568712,0.023440303976213217,0.0091044925499415,0.0065,0.002604492549941501
2019-10-10,-0.001004640258399303,0.01347838199639484,0.0008588646201284078,0.011975982604181867,0.020651797941500183,-0.010561094753471778,0.04840583211647442,0.015084247245341409,0.013574611692862337,0.005327228463021694,-0.020689723559923934,0.0165494436775393,0.018098739554668786,0.005135534448772683,0.0070472434409349916,0.006415695380997066,0.0065,-8.430461900293344e-05
2019-10-11,0.006778065009647172,0.026598330090473077,0.012870745065337585,0.041420178750813275,0.011539717044259046,0.01056603924340993,0.008734960045236662,0.02143734019933108,0.031250014090258516,0.04136806656348968,0.025460522427569243,0.014357070715517173,0.03427907576387623,0.010014244835885755,0.039538109299619206,0.010938977513132997,0.0065,0.004438977513132997
2019-10-14,0.002604051948813524,-0.0014394323285287225,0.03658879358600253,-0.009090837797443019,0.008126261621217878,-0.004641052082716479,0.00918957399647291,0.007631722464690904,-0.0036074704843986893,-0.010292579820564973,0.012678276135713817,0.012763833834037452,-0.019198402941537407,0.009915033524257932,0.004039072464869786,-0.0013871187334510982,0.0065,-0.007887118733451097
2019-10-15,0.017823897430093272,-0.0023317355148543273,0.0036192565021766487,0.019495272292869625,0.012246153626941814,-0.0059488604037165604,-0.004482887208941744,0.006627227207492092,-0.0007241062889447036,0.02412940836444788,0.022430897415985473,0.023458912749390493,-0.0013886603698145539,0.009617278367819893,0.03922226212827251,0.009955676641137279,0.0065,0.003455676641137279
2019-10-16,0.005686410845635592,-0.00403708253625501,0.007212409444574686,0.0011248641224950173,0.0007655863534141716,0.003962754585152606,0.00714159640913592,0.006113319399412287,0.0007246309988080402,0.0104398533923582,-0.0051020601797675535,0.01414293720539228,0.00046353047634095645,-0.005159684536307552,0.0077419281005859375,-0.0019995427986508885,0.0065,-0.008499542798650887
2019-10-17,0.005654189731309156,0.0038827213752474776,0.008546684073532651,0.01573029545204152,-0.0018360501325836998,-0.009048670035037953,0.02469612740801108,0.01519029573802766,0.0007241062889447036,-0.0015243282583270457,0.008205120380108122,-0.006011060328992235,0.009994692237783376,-0.0075802912271413225,-0.016005121756186957,0.0027628315736780706,0.0065,-0.003737168426321929
2019-10-18,-0.016766604958152076,0.0048028298383477885,-0.019162530025068514,-0.008849489025586021,-0.004905848393984447,-0.0679022282477647,-0.061530655991114847,0.0050645875953283515,-0.00868306114281725,-0.04365281851437641,-0.029501522289299587,-0.07498786798932877,-0.016580350336992344,-0.009447229929274048,-0.026350015353722278,-0.003919344949506964,0.0065,-0.010419344949506963
2019-10-21,0.01601699236854781,0.017342707171823735,-0.013426710155750143,-0.018973186467291292,0.0046217889831259296,-0.03761641411536942,0.009989103239874009,0.030233675376771574,0.010219031375661158,0.02595636056825157,0.049266275566894,0.01778233422153397,0.014927426687069367,0.01461025946469241,0.03675243468940104,0.006871616056117524,0.0065,0.00037161605611752465
2019-10-22,-0.011161169164035867,-0.0022867508867072672,0.008205135304751865,0.03071663274110903,0.009967756397820438,0.01794245420136087,-0.04085591026898716,0.008892789407551005,0.004335146960423808,-0.020919806324535717,0.05794204899542188,-0.01323225626612079,0.0,0.012800088346348382,-0.024492433518021772,-0.003568666378412577,0.0065,-0.010068666378412576
2019-10-23,-0.002016127359684039,0.013418780663315033,-0.0035214081931211894,0.008830165236708432,0.010932437119897553,0.010385738731801597,0.017173446812172477,0.011679140835666901,-0.0007192725516177445,0.00017657766439849176,-0.0037771445964760453,-0.012107802821713975,0.012212650335861275,-0.009281194812494675,0.01618763672639756,0.0028471487971184484,0.0065,-0.0036528512028815513
2019-10-24,0.010560834021384524,0.001644889891190937,0.17669231691554144,-0.020787726321328748,-0.008711448099128383,0.01189426833382301,0.0008479042859272923,-0.0032673186471718907,-0.005759631057856152,0.015477900842475245,0.017535494085095138,0.04414873780671802,0.005903086664483581,0.015547164860612916,-0.0013004198709265502,0.0019204463587332299,0.0065,-0.00457955364126677
2019-10-25,-0.010922221117825037,0.012316351143922155,0.09493457268561967,0.005586507818958308,-0.04060604045032101,-0.013699015622423483,0.019594870439111345,0.013330484051955027,0.010861667468831993,0.010199910030184167,-0.027945900945972157,-0.02322357553105081,0.0003869397258824403,0.0035327861251912562,0.014322934371497231,0.004072700506109195,0.0065,-0.002427299493890805
2019-10-28,0.008942106472360933,0.010016960547665654,-0.0012799749259770898,0.007777810082813419,0.0064750771818338215,0.0030897385316490666,0.018206697110013437,0.010135879889520139,0.020773665140516373,0.025070249431439207,-0.02587450377635825,0.05414139390685535,-0.0007091503779667052,0.0035205030997478293,0.01829267322257566,0.005581337868471481,0.0065,-0.0009186621315285188
2019-10-29,-0.00808629632461244,-0.023127835683533937,-0.03506149251034929,0.0,-0.004393535607184362,0.02361536327934699,-0.002306087881448038,-0.00021341754860237927,0.005614054236800392,-0.010017871947089252,-0.03443191173469751,-0.029909320748230495,-0.0035478446613412817,0.0031184174301341905,0.0015758318667047355,-0.0008324053147991117,0.0065,-0.007332405314799111
2019-10-30,0.0098031041293285,-0.0001233333446346574,-0.0038264591395096303,0.11466367076092099,-0.004728074815954941,-0.008225099682155124,0.036414142680235795,-0.0047333013096405585,0.0013956605261926658,0.0036180642877310376,0.019358180558393556,0.002021779925996503,-0.024341416468567245,0.008548588038599592,-0.002831974532515047,0.00325337015914573,0.0065,-0.00324662984085427
2019-10-31,-0.0018707723486968142,0.022609509111766846,-0.0002856693757827822,-0.012858609524959874,0.008867712657023796,-0.017771486992940844,-0.013861754591562914,-0.004539549925153485,-0.038327524660991874,-0.004844255147101628,-0.021489270377675007,-0.0066835610125447475,-0.014398592505457497,-0.005393982869803415,-0.017040104336602857,-0.0030228605633046968,0.0065,-0.009522860563304696
2019-11-01,0.00831892818109492,0.028380868975602436,-0.005112447684490151,0.04008023365145719,0.01491134269372063,0.015533537129590602,-0.0020876312441129308,0.02779583439639355,0.05072468223016835,-0.0011886084635451821,-0.01787540259619569,0.015615125166339006,0.033997663365015196,0.009103152684569293,0.010914932801014743,0.009662312168146059,0.0065,0.003162312168146059
2019-11-04,0.007379590277003523,0.0065669201798954635,0.013277596454551066,0.0529864556782369,0.008505968645005746,0.01709197572923693,0.021094061728907265,0.03169241692318958,0.03379306900534762,0.018304406690727193,-0.0005200327155427953,0.01787500381469731,0.02142072050951005,0.026679574423916774,0.05176243799981206,0.003704089049704651,0.0065,-0.002795910950295349
2019-11-05,-0.0016346974977635709,-0.001436706407223487,-0.0007874639724868571,0.0036596677377382925,0.0027604130053711096,0.02050761298100756,-0.016492476998752448,-0.0016383950970463301,0.018012043874112926,0.012855459553722248,-0.006763744298173613,-0.028367893281794898,0.013322196630868532,0.0011216277015391185,-0.004227034847928635,-0.001185699214361291,0.0065,-0.007685699214361291
2019-11-06,-0.0032968355257131376,0.0004277402019681187,0.029506362157895483,0.004557991631769953,0.00030586150121036937,-0.011443217024684316,0.0019442334512622672,-0.003897332311820434,0.00982959502592684,0.011868151989611997,-0.016762686865711696,-0.007962649910799202,-0.013650346144506886,0.001680739936259723,-0.0033353733134741104,0.0007024972279667807,0.0065,-0.005797502772033219
2019-11-07,-0.00421549991203829,0.01154132507557426,0.027435846729491065,0.02450083364362854,-0.022167936157002854,0.014696028443014875,0.003395859173097149,0.002059219055253081,0.0,0.013575151771754612,-0.00213110892657431,0.02102180622737082,0.01862242983474105,0.0005592821918005697,0.012473375744907589,0.0027300951851503275,0.0065,-0.0037699048148496722
2019-11-08,-0.0012973640266247255,0.002736797455336948,0.004768428304748218,0.020372095376713917,0.02220138244571701,-0.01765972153309303,0.006906792656052652,0.010069987308143347,-0.03439326100295581,0.0026786670427001447,-0.009076352399827514,0.012353355020082724,0.012584483117556777,-0.01565122113521089,-0.0015023809763974327,0.0025606760900243053,0.0065,-0.003939323909975694
2019-11-11,-0.00796804960570896,0.007918856208955383,0.023580653508748606,-0.014757087811087422,-0.01131854659377951,0.04547007392809688,0.008951487759371046,-0.0012207959349653796,-0.03965051099504069,-0.002404343553308541,0.01077590348569002,-0.0016023327723272418,-0.016632644280220488,-0.004353596868942766,-0.0006018795678359723,-0.0019624672514313435,0.0065,-0.008462467251431342
2019-11-12,0.0035842155608796222,-0.0009154895987480982,0.014025360790075325,0.006167426922734309,-0.004950504759391183,-0.011118402372675362,-0.007376378286023666,-0.0016297174657444735,-0.004198772180545762,0.0013925044051568136,0.011727042146608913,-0.01728396945529509,-0.009117174091907265,-0.00855510391070946,0.010840127078470152,0.0015646460846321375,0.0065,-0.004935353915367862
2019-11-13,-0.013998883379323646,0.009581585576432738,-0.010916468126461853,-0.011383501493482329,-0.015391703962052805,-0.001047161788019002,-0.0304784908613438,-0.01265052691887969,0.0042164762035290515,-0.02401457701154941,0.13066383572441964,-0.022738663232288903,-0.017957947287056797,0.013998159825302281,-0.005957723108656721,0.0007115345908383919,0.0065,-0.005788465409161608
2019-11-14,0.0008499125821110898,-0.006919358750704152,0.0093612236481031,0.0,0.007579329270337443,0.01362762737076828,0.022994631424041678,0.004546474012039781,0.005598268669965822,0.0017536570128846574,0.0037279512799501813,-0.031237951877832404,-0.00807710943749429,-0.00756446797332766,0.0059934303068962524,0.0008370427393644686,0.0065,-0.005662957260635531
2019-11-15,-0.008611641150010008,0.011879536473694552,0.00807206725572529,0.020372095376713917,0.019746092835614126,0.011539250109992016,0.018679662154956977,0.007817355811953197,0.016701448171996036,0.014715549214977974,0.25441036719204635,0.050291943800843564,0.012116495661973703,0.015434474462033831,-0.0005957836742773726,0.007695488006902673,0.0065,0.0011954880069026735
2019-11-18,0.007496472607320337,0.005041951257790389,-0.006190149941642686,-0.006944472756648001,-0.011987018791990711,-0.005972904003377799,0.025556752113748082,0.0008163616259022621,-0.001368843677236331,-0.0047442172448742825,0.042190946348444,-0.03335438204363472,-0.018471965857866368,0.002439522999300836,-0.022354694994196067,0.0005031528617669423,0.0065,-0.005996847138233057
2019-11-19,0.00014836251663497002,-0.0030324415476559174,0.02722932369589759,0.005244692991874578,0.011043742159847048,-0.006658323681511535,9.914657292764417e-05,0.00611883992648643,-0.0020562530298823267,0.0034667644630979044,-0.03196021389939685,-0.006796552842006753,-0.00655731847538743,0.00636461124704546,-0.010975628619673827,-0.0005925944462060739,0.0065,-0.007092594446206074
2019-11-20,-0.004141973427409518,-0.011641536607314928,-0.02030483836928476,-0.009565173905433433,-0.0018462410200023038,0.010653942887371093,0.008460004980032965,-0.004662562437067086,-0.02129122046361165,-0.01565448797022606,-0.03521647042409681,0.05645481031882915,0.009240841002979394,-0.004836317622429531,-0.02342781608219524,-0.003756184245747196,0.0065,-0.010256184245747195
2019-11-21,-0.006198729427607463,-0.004483587417043355,0.007410186417849518,0.012291450288635986,0.013101113750694893,-0.012051470548068877,0.0213986063079461,-0.005295263329451183,0.002807062556634765,0.013764707555924405,0.06273770242372523,-0.024165451804996185,-0.0055590858153683476,-0.00971956911762517,0.01546710413665875,-0.0015827522106851566,0.0065,-0.008082752210685155
2019-11-22,0.006346887960264391,-0.0008777782344399077,-0.06140971027094533,0.0017346957183101974,-0.007150445614425349,0.013371941007433774,-0.003882034860279493,0.008394733750947347,-0.004198772180545762,0.010386228294958721,0.0679785175909402,0.015062552467915546,-0.0051958607543426405,-0.0035862961546330174,-0.0068385893232107975,0.0021749356911917594,0.0065,-0.00432506430880824
2019-11-25,0.016107964386671725,0.017533883010554474,0.009908659857390978,0.0025973301722994613,0.030033714825143054,0.004820396258265358,0.016329478959158816,0.014416275633630793,0.027406846906645743,0.019648774991597673,0.0720267869699911,0.014839038669384408,0.018246805433776325,0.018374679803563998,0.02159620063325174,0.007507291353015866,0.0065,0.001007291353015866
2019-11-26,0.013022581535564237,-0.007808557981024533,-0.022061027672718114,-0.019861912942942483,0.0008924863401023053,0.001018395875932665,-0.009697346464806134,-0.011008803424786273,-0.023445577823610342,0.022315568748236814,0.0031249523162841797,0.006691461411995725,-0.008180810913970937,-0.0024180492352547933,0.006740233603463208,0.0021955703874654287,0.0065,-0.004304429612534571
2019-11-27,0.012003778124323183,0.013432117100471874,0.007205500995077996,-0.005286281484333966,-0.0023779199007279983,-0.0147519636860578,0.011008360424044739,0.007488309581371588,-0.03328612293807642,0.03143302759066535,-0.019626143012888453,0.010339783227145682,0.0010475142808428206,0.0048479671951584535,0.008825347234959757,0.004174424362754614,0.0065,-0.0023255756372453857
2019-11-29,-0.009738720624244745,-0.0022028156925012476,-0.0040750439083390155,-0.001771401656262661,0.0017877499402627617,-0.0049456495760555885,-0.004019843139664081,-0.006026493458886173,-0.030769212756407094,-0.004083294962213935,-0.04194470046473975,-0.042153984006900624,-0.05035321173632534,-0.014845028547459171,-0.015082955565165479,-0.004011219709926239,0.0065,-0.010511219709926238
2019-12-02,-0.010661968414917622,-0.011562328722584003,0.014942111846685036,-0.009760465754936942,-0.016656753756113196,-0.030039860771504556,-0.014841458632756988,-0.008084043044376488,-0.030234348020483526,-0.01845001220703124,0.0029850797255923656,0.006232483422176305,0.005095875121336357,-0.002071970842983717,-0.011026051869131526,-0.008631020716408422,0.0065,-0.01513102071640842
2019-12-03,-0.00653346138748645,-0.017829904602670865,0.003971673249479224,-0.015232951822440222,-0.0007561517097154358,-0.008727968965838495,-0.01235519433827481,-0.01976371006959099,-0.007794201866815453,-0.007182536190947331,0.056878284602278395,-0.018960940316358976,-0.015689347060181436,-0.0037749471480713614,-0.0080520944211383,-0.00663809511563529,0.0065,-0.013138095115635288
2019-12-04,-0.005237417645504228,0.008826175107424339,-0.00942883813644435,-0.0081894709667516,0.010292080796453273,-0.009202507480781219,-0.006009917415343735,0.01517360839709947,0.011783182228164657,-0.005951710824251832,-0.06633288462497922,-0.009019416862996676,0.014338309672807137,0.007578577150470389,-0.014673722487254182,0.00632356747139462,0.0065,-0.00017643252860537976
2019-12-05,-0.011478432665639304,0.01467108881724144,-0.007987347800996636,-0.010091610731379541,-0.01228452241465483,-0.009058554994415768,-0.004797653580169481,0.004709180053003692,-0.010093135850225754,0.03231131583227298,-0.031501358218863684,0.020283415476708644,-0.009743893933457537,0.022940901367483058,0.031052010968584343,0.0015002511791302187,0.0065,-0.004999748820869781
2019-12-06,0.006389039369584015,0.019316083555563468,0.016708598663048857,0.028730425791229752,0.01744268816009531,0.024328862413053542,0.014825401073506272,0.014876673944127505,0.004705879403575253,0.009449996948242223,0.027335672178376402,0.024850221969000108,0.01268104548597071,0.009926509337934375,0.011985229830228317,0.009135724328457329,0.0065,0.002635724328457329
2019-12-09,-0.0011931752965532727,-0.01400005410826144,0.010836833650287758,-0.009909950129453726,-0.002236285783407621,-0.008133553478716693,-0.015780074856683535,-0.004016049046643988,-0.0039032241815408764,-0.015602525662526179,0.022566522877808026,-0.013926823460436166,-0.005337367298602125,-0.008736845498760748,0.009717573393824841,-0.00316282139344648,0.0065,-0.009662821393446479
2019-12-10,-0.005887390624020994,0.005844351076824017,0.027420250938843926,0.0018197564587618675,0.0022412979661858845,-0.009424510475262049,-0.0310082806043388,0.0014113404113460515,0.011755478838298528,0.008604163267656562,0.025032945112086313,0.024085699359534862,0.001307008891634709,0.0011017944416025216,0.00030070139949489594,-0.0010969340964486207,0.0065,-0.00759693409644862
2019-12-11,0.00546800557679572,0.008529492472542533,0.011065290660716709,-0.003633076035427063,0.010435212800943505,0.006036234348420155,0.019821225625604066,-0.004429231695065594,0.00852054745977826,0.020902980819142325,-0.0649100386660989,0.006156877301278119,0.007832493651645622,0.025311797302202343,-0.0006012220106896837,0.002908158040315856,0.0065,-0.003591841959684144
2019-12-12,0.00663913350683254,0.002548255131753052,0.019790134329906284,0.04284421264115279,0.0071482399341384895,-0.01059997712474936,-0.0016391471126366852,0.025075928245196,0.021505414290584834,-0.0006841252446539992,0.09175257873859488,-0.001590958938618714,0.021064786792247325,0.04847944914069435,0.017448796241582354,0.008575225775086182,0.0065,0.002075225775086182
2019-12-13,0.0003465176227128719,0.013593379533622496,-0.003586460411961423,-0.008741210843160041,-0.027502716817851214,-0.013341438449491427,0.0002010372540641736,-0.008877494360724048,-0.0037594210835502073,0.002004907883175422,-0.030217216807961744,0.05687667670389973,-0.005074085238539694,-0.006142275409235398,0.005322303571851483,7.258178414493166e-05,0.0065,-0.006427418215855068
2019-12-16,0.004696366603307078,0.01711779861040541,0.06448284769981916,-0.01499124247927519,0.005321722822569708,-0.04293621752754473,0.01912894959825162,0.009554086823110985,0.022641495210148577,0.01005318199101013,0.009087980899026737,-0.010206505107323016,0.018319645545586072,0.00497854601564951,0.018823511460248188,0.007147785279833618,0.0065,0.0006477852798336186
2019-12-17,0.012124097035278503,0.001965270064123281,-0.0065793775974187785,-0.006266726035951242,0.0012097342467110028,0.0,0.03704684214132459,0.0035488666024212634,0.010332047829159086,0.005846216591494535,0.0016082096112948197,-0.012420876541836878,0.030510663287985018,0.011786771581682176,0.0014433960144781821,0.00033529222633799094,0.0065,-0.006164707773662009
2019-12-18,-0.003702548086325974,-0.002389378630964667,0.03736247476722432,-0.012612577449684581,-0.007854898193935478,0.01125381990827612,0.016863118490480833,-0.004715063182093693,-0.018991905671895903,0.008742469921464657,0.012845264409731216,0.017797817058920806,0.018992229268586458,-0.0021948703831008443,-0.007206688091579094,-0.00043230017186479675,0.0065,-0.0069323001718647964
2019-12-19,0.0046243616220134065,0.0010008617483996396,0.027699370213496,0.007299124528336254,-0.005937934099264464,0.008527861232566991,0.035598546952266164,0.00394787238547889,-0.002233877905686854,0.0006190708705358094,0.023145197243064963,0.0017486771743240315,0.0035143690336731925,-0.012438200554579448,0.009872246403755947,0.004459292004863613,0.0065,-0.0020407079951363866
2019-12-20,-0.0032249588247337257,-0.0020710931998589865,0.0038362236875670863,0.0,0.023893434750758447,-0.016491749016637636,0.014087028651451394,-0.0033424726030508722,-0.01343275393557486,0.010088969056893049,-0.002479139445919709,0.0032584519760558983,-0.0002502205594677731,-0.0005176393010221103,0.01523871801598875,0.004944781081796634,0.0065,-0.0015552189182033655
2019-12-23,0.003638399104394008,0.016318276749817784,0.03360543506210978,0.011786090343587796,-0.0014958606653585615,0.029115897245827638,-0.011279275339305395,0.000591776110492992,0.0030256915172817145,0.01215548565867941,0.10282701194477872,-0.005799791269108789,0.02258082001312811,0.005006056614891952,0.02690447214088132,0.0008661436002121992,0.0065,-0.0056338563997878005
2019-12-24,-0.002113797580870047,0.0009506633061993064,0.014383870715597435,0.002688150821333224,-0.0004495010503059449,-0.013479522699407775,0.0003002284649749054,-0.0005914261186448222,0.005279006399681263,-0.0026532947882531577,-0.030422586790272876,0.0009334013756765458,-0.007156865451752759,-0.007901132119809251,0.0005515846301569205,-0.00019544819997963092,0.0065,-0.006695448199979631
2019-12-26,0.04446658599645992,0.01984027650036224,0.013380369752470367,0.0035745635261017483,-0.0049460291455204475,-0.009249202052583838,-0.0017107061924853673,0.008285563213262126,0.004501197629244835,0.009894569356525107,0.026147634333429925,0.009208543036445693,0.011397992807824275,0.008483421397481372,-0.001102455958540527,0.005128166675301138,0.0065,-0.0013718333246988618
2019-12-27,0.0005511803411386573,-0.00037936421383721886,-0.0012995676487765895,-0.004452268097641321,-0.0066274852626310166,0.000666891352074428,-0.010642481114020441,-0.00039132672367891974,0.004480878442250313,-0.004205581114586909,0.03171004930809462,0.008084972666183354,-0.001157427078694817,0.0036051678692485822,-0.008554121383366642,3.398471712534601e-05,0.0065,-0.006466015282874654
2019-12-30,-0.012252665301857313,0.005935169636089865,-0.03643285107018135,-0.008944615846630088,-0.015466223378453714,-0.011328574503826183,-0.01756358091590937,-0.0025445425699418545,-0.0022304077361795516,-0.011880992918227973,0.036772782741153254,-0.013519710376710958,0.005671728766750039,-0.010434488381715012,-0.014750870436828989,-0.005780822450430323,0.0065,-0.012280822450430322
2019-12-31,0.0005143517829109268,0.00730650032196678,0.008753290371766864,0.007220275265864107,0.0007700468345410716,-0.0019607387621979333,0.00080421195629099,0.003139674574326401,-0.0029806736295607816,-0.003804412872394747,0.04182111916638065,-0.01393724703262178,0.010733872070573858,0.004321571168599991,-0.00480231571510803,0.0029460216619106028,0.0065,-0.003553978338089397
2020-01-02,0.02715064338541917,0.022816363984725863,0.028518174365577353,0.0689964145403672,0.003847452812026919,0.023207182484448197,0.01928482273736365,0.017996971154637054,0.03512705921208026,0.036162177973733556,-0.03252029368516418,0.011189598718117866,0.011519705879514675,0.033390684860740594,0.07096224900607262,0.008378802677341701,0.0065,0.0018788026773417016
2020-01-03,-0.012139050344284086,-0.009722202992613838,0.029633191145888027,0.00335291891779943,-0.0024530213171253257,-0.001680016725565392,-0.01185532182484772,-0.01614139722620045,0.006498191040412271,-0.012604105285573097,-0.0357143000251241,0.047408267526656944,0.010676792299275428,-0.03297796127700614,0.006891124818048544,-0.007059870562045378,0.0065,-0.013559870562045377
2020-01-06,0.014885589964526824,0.007968371498832338,0.019254659401281682,0.014202166282173412,0.00891345790808118,0.002944999944185067,0.030469447259134697,-0.0035156726366869506,-0.01649929667270411,-0.0016589889877952624,-0.0623638572821239,-0.012455461966126902,0.03403954264875941,-0.011539803411515615,0.0002631829716099876,0.0035333728907271933,0.0065,-0.0029666271092728064
2020-01-07,0.0020915561982559616,-0.0047030020170510944,0.03880052547763979,-0.007413608151332518,-0.008073048702323615,0.010607092373679627,-0.015126661630534555,-0.0019600851192956847,-0.0021881096751997786,0.004569818574378104,0.01975022652188474,-0.005292806357553581,-0.0037459414465403906,0.016204904405511256,0.008421044600637417,-0.0028032386528962228,0.0065,-0.009303238652896222
2020-01-08,-0.007808656515330026,0.01608619016299606,0.04920484712014184,-0.009128585858345084,0.010442274067380186,-0.01752258018477737,0.025729432397959107,0.012765111878678903,-0.002924023364440642,0.0017001107792407044,0.12389628021933374,-0.004641725955056297,-0.015438884472551928,0.007373073000022989,-0.000521932618031129,0.004902451368978156,0.0065,-0.001597548631021844
2020-01-09,0.004799271799026172,0.02124090418343072,-0.021945011900097344,-0.002512543065406825,0.0006078087768803808,0.014998364848977763,-0.01061134822817067,0.00950175703490208,0.02419353362283405,0.017339443941728705,0.12442980135152037,0.020245664426385312,0.026675075643277646,0.008170195613911746,0.01566585641698337,0.006655262605488987,0.0065,0.0001552626054889877
2020-01-10,-0.009410596348826017,0.0022606096560053857,-0.006627337258982902,-0.0201512159323729,-0.012302544133862003,-0.01908779879963529,-0.01969259309129534,0.002881241857282113,0.040085898302433254,0.00924340816593583,-0.02366462164383798,0.0046823390482630955,-0.016513509598548026,-0.006246780213841174,0.005398433836383054,-0.002855178689662563,0.0065,-0.009355178689662562
2020-01-13,0.004322529419005683,0.021364302548652292,0.09768904252811161,0.03856043894544503,-0.011071853116187858,0.0009092873297715798,0.029995520440425194,0.010917534722352906,0.03234687219090038,0.02971002029255998,0.059556829391274047,0.008100263041400657,0.03593127785124306,0.020387382530840492,0.030682708877837195,0.006976215252569862,0.0065,0.00047621525256986205
2020-01-14,-0.011558243989587935,-0.013503180173404239,0.024882821215955753,-0.007425684488251538,-0.001710460180561424,0.006450242408184703,-0.0006786586132870864,0.0015157048057126143,0.0,-0.017311655277413962,-0.0021786990303688247,0.0017611850830681064,-0.025336161748036545,0.0043289138144466666,-0.0004961661394763395,-0.001514532772802224,0.0065,-0.008014532772802223
2020-01-15,-0.003969061380714067,-0.00428556768090449,-0.036102047690807604,-0.013300110983515134,-0.0015575446883874244,-0.007672616553080935,0.00112198435168831,0.001513410921505809,-0.013999991609514262,-0.006313779415813903,-0.014628781225025866,-0.012745892043525053,-0.026335140198476936,-0.03199601159487453,-0.012658280581818504,0.0018701968845122874,0.0065,-0.004629803115487712
2020-01-16,0.008549812412332658,0.012526591084294214,-0.009662477636014799,-0.0025274407798471232,-0.014040565825837903,0.006670688521953183,-0.0013271955564060356,0.06611254581747317,0.019607853731242297,-0.004976429082631184,0.07533786019747679,0.020812496141785042,0.01754591067228506,0.006165459866068312,-0.005530352256329252,0.00836655302646827,0.0065,0.0018665530264682711
2020-01-17,-0.007039613148238089,0.011070890616037055,-0.005822894156913949,-0.002533683160518607,-0.0034810026738532063,-0.023644540100855926,0.0031008750980092703,0.018958230917861085,0.005304992349524085,0.015584487792832613,0.030702693508050105,-0.01144791798717082,0.0059578587360931134,-0.002893602648811444,0.019969592351011478,0.003862162248501333,0.0065,-0.0026378377514986668
2020-01-21,0.014629558177890134,-0.0067768961809648864,0.071890343555153,-0.012701081606127818,-0.005557286791074589,-0.03325622636774106,-0.004592775383464254,-0.02764745595672846,-0.03232185931651377,-0.022732261950672128,-0.04718113931934731,-0.050843726739265516,-0.0373006758133444,-0.005803999766721524,-0.007187041184551046,-0.0026519776473655776,0.0065,-0.009151977647365576
2020-01-22,-0.002399597813160681,0.003569542206922627,0.04086257330325438,-0.02487143204786324,0.012294391796184634,-0.01394515455131018,-0.03581670425666572,-0.0010729291795770202,-0.005453325421377997,0.0004949186226501645,-0.08203944313743883,0.005345097577529767,0.008163153163657455,0.0018886401415985077,0.022715921523128735,0.0002890760711180551,0.0065,-0.006210923928881945
2020-01-23,-0.001525862769232944,0.004815851930184412,0.004635155787340972,0.035180332292711336,0.008517303147876909,0.028446585370554667,0.07239265675925033,-0.0059076246216727135,-0.0006853777320631194,-0.014570267147182125,0.021028529575892962,-0.03640769785832865,-0.012908411007596765,-0.014909936705053584,-0.004881639174528218,0.0011409766124783616,0.0065,-0.005359023387521638
2020-01-24,-0.012172442635054903,-0.0028819617637964035,-0.012897636514425437,-0.005097665938773477,-0.012355220034730108,0.016551785963208276,0.0101830592003469,-0.01764803617125643,-0.01851850710028191,-0.024551657750793376,-0.08596365559200314,-0.030466604676122278,-0.012661231142831686,0.004349253274831266,-0.029923993304022733,-0.009042160974207403,0.0065,-0.015542160974207402
2020-01-27,-0.017887480160558078,-0.029405298594719298,-0.012039239472993346,-0.023057279117414176,0.010767964015747866,-0.019965897859118065,-0.029108615564327645,-0.02639779739706527,-0.03284416755367625,-0.03873683639437131,-0.09086462730325295,-0.03600152908806886,-0.027935004412797504,-0.04278536842273084,-0.04804039817531114,-0.015730711659182384,0.0065,-0.022230711659182383
2020-01-28,0.013624399534750253,0.02828933279386514,0.015913417402695806,0.025349646910550083,0.008303298381894475,-0.00012634551182533205,0.016448856890290076,0.017134189754274498,0.0007225188431556617,0.023166372115426492,0.06707978852682484,0.0002567283487040495,0.008670902146669102,0.033116259676496895,0.03346608952106256,0.010053584595046017,0.0065,0.003553584595046017
2020-01-29,0.0025630648860111016,0.02093245384101272,0.024854479288427322,0.10315428592141718,-0.0009322644554812243,0.01724780823933081,-0.015379276714461931,-0.006293897197933385,0.038267149055890126,0.008514524955048453,-0.04392834263203904,-0.02052868942002506,-0.017069883763712546,0.0017515311039202341,0.005911065102500279,-0.0008668741908683941,0.0065,-0.007366874190868394
2020-01-30,0.006824571426769399,-0.0014492786903503863,0.10296222583607006,-0.016228695165989127,-0.004199104725746361,0.0039749117716398885,0.013346504614142773,0.009188001795173317,-0.04172466186812085,-0.0162248956328932,-0.038816938142773205,-0.009169465310738478,-0.019115496154201828,-0.02430487291517791,-0.016606993390846814,0.003134358792605374,0.0065,-0.0033656412073946257
2020-01-31,0.0737913021087453,-0.044338589143868457,0.015230690926841373,-0.021995314143815725,-0.012962648050012016,-0.015558287745142119,-0.007620618769495824,-0.02898554719276225,-0.04571840710370134,-0.009540730058943625,-0.10741757372268956,-0.04613958080289393,-0.03833907824076854,-0.03333331469554335,-0.020784697762311954,-0.01770582037552626,0.0065,-0.02420582037552626
2020-02-03,-0.002250198931246672,-0.0027463696404382842,0.19894862891486276,-0.015260975722507064,0.050000037264516184,-0.0071322689958165375,0.037410541595267466,0.006505946858974765,0.014448711426913619,0.03151173764956883,-0.03508775740546122,0.0706860480424496,-0.010264863520638823,0.015387407345281545,0.040063735506756126,0.007254613892351713,0.0065,0.0007546138923517137
2020-02-04,0.02268734248623172,0.03301371517128415,0.13725642668895222,0.026101117587152833,0.015672153659458177,0.00613924687021683,0.030754217222416225,0.026996207087416346,0.02548729038668074,0.04589393946120368,0.15598090071754633,0.07042074357807437,0.020408145336023198,0.05020997964787455,0.029336675734682016,0.014980414164082134,0.0065,0.008480414164082135
2020-02-05,-0.004781221919306744,0.00815436433001393,-0.1717583910996534,0.022257426773632183,-0.02270032473129302,0.036516286799221254,0.001788579292276049,0.017956287500920487,0.008040881710674075,-0.011934689536228116,0.0019315588184922738,-0.019833103654949502,0.03934423371389384,0.006954088304208739,-0.010161087061132501,0.01125059589785371,0.0065,0.0047505958978537105
2020-02-06,0.005078747849794896,0.011696826113988035,0.019409316438660618,0.006998539349144739,0.03552435951143318,0.036049213657418644,-0.007357916849901169,0.00036361563427966814,0.015228417203784206,0.0030877879938786545,-0.027816086423323783,0.012214655478018033,0.007697133758654218,0.0017265662333283416,0.011016586292819985,0.003325672876785646,0.0065,-0.003174327123214354
2020-02-07,0.01416916594960882,-0.013592616933024715,-0.0011883747086235408,-0.00926641035136766,0.009676203839959374,-0.013707035196708572,-0.0004905932344206887,0.00036362539629597457,-0.01999996432616591,-0.019782685549712187,-0.008498562140068944,-0.03729884842083908,-0.0230403831716679,-0.03136844348203971,-0.009658231286090446,-0.005400853672730133,0.0065,-0.011900853672730131
2020-02-10,0.026273461026302236,0.004749542323514433,0.031026497120937968,0.006235361671353745,0.001742200790350923,0.02351896555496391,0.011724018974700101,0.005815040262691307,0.0029154257875798617,-0.0035098808992770625,0.05342854091099336,0.004051654611586297,0.004421935670207544,0.014590698088202014,0.002750607427794316,0.007326397804890528,0.0065,0.0008263978048905279
2020-02-11,0.007915112359196952,-0.006033260633547255,0.004019359955035551,-0.004647449425338679,-0.01782854898262376,-0.000725371654998086,0.007060649110609107,0.007768722844928577,-0.014534826533546319,0.006673784181734144,0.034716643099417244,0.00895332985055819,0.014547350094658018,0.028761742278330393,0.016957614240674435,0.0016884725532351208,0.0065,-0.004811527446764879
2020-02-12,0.004277455348249415,0.023747727257316553,-0.009155805041086928,0.024124446054161863,-0.01195400477117492,0.00879741557422431,0.016912433522247472,0.007171066306381313,0.021386367391491135,0.03268721801606245,0.015727351248310928,0.0051243097333850685,0.021948348388022287,0.016536060848385103,0.02108878460261665,0.006462646466197652,0.0065,-3.735353380234733e-05
2020-02-13,-0.004689760561342626,-0.007121102648717126,0.0478437804109626,-0.016717387490331803,-0.002240439612548273,-0.007455267335718663,0.0036577566251916327,-0.0044499617299121885,-0.006498191040412271,-0.01760954478727761,-0.0206451416015625,-0.010196464977549113,-0.0159383501799224,-0.005031030267673264,0.008885661318639437,-0.0016304457368023773,0.0065,-0.008130445736802376
2020-02-14,-0.006977165680884578,0.0002463470121205624,-0.004937850327034421,-0.008500730990635752,0.011377191322732072,-0.0067966193339473735,-0.002621919286845631,-0.001609118945606225,-0.01162787574525781,-0.0033127415389232473,0.0018445242007103513,0.005025144893802347,-0.008567437006614886,-0.01921457102504398,-0.0009520852756039755,0.0018435333204338544,0.0065,-0.004656466679566145
2020-02-18,0.0097428899866292,-0.018310555737266476,0.07295974033565988,-0.006235361671353745,-0.00814088873498997,-0.004728436658165136,0.01940064406210462,-0.005730688271936568,0.01323521224681845,0.004052266857268894,0.061020506756739756,-0.0189999580383301,-0.021697884290649005,-0.034542002958981466,0.008339253370058142,-0.002919942636890105,0.0065,-0.009419942636890104
2020-02-19,0.006749664538376665,0.014482720669908966,0.06875583270080932,-0.010980480814295812,0.00507375923747766,-0.0017115707078803055,-0.00410025360486832,0.014229082983636232,0.007256938340959529,0.0073462501623478005,0.04982643316634339,0.006625848889193042,0.015344864220585785,0.025987892638014376,0.014886603796272713,0.004705785881164548,0.0065,-0.0017942141188354516
2020-02-20,-0.007888542764320938,-0.010258823511403947,-0.01963108430763172,-0.00634407120050029,-0.005196645044187709,-0.005970999369080854,-0.0004919921287581674,-0.04546257475855553,0.056916440356284737,-0.018456856553438317,-0.030932647126168167,-0.008227867416188639,0.004254460132843585,-0.02012497185318618,-0.0342258718181806,-0.00381551976362815,0.0065,-0.010315519763628149
2020-02-21,-0.02653389269514861,-0.022635065057833637,0.0017677875350110561,-0.022346396041009964,0.04029852110337617,-0.01754488497056461,-0.01536267532585811,-0.024744230812807966,-0.030674827828158002,-0.024995400458897366,-0.02412284737772097,-0.01863432179842217,-0.015491640087109348,-0.01575781814485744,-0.025554517478036276,-0.01051810302712286,0.0065,-0.01701810302712286
2020-02-24,-0.041355521716538224,-0.04750047025468518,-0.07459490327646512,-0.03183671867616211,0.045911049769680634,-0.037774716392884766,-0.02991552845023182,-0.05227007896726599,-0.02601972095636984,-0.030245979521827615,-0.07615478889293481,-0.019118236862686544,-0.044187422952844946,-0.026443524624666814,-0.02597722129208957,-0.03351362667122315,0.0065,-0.04001362667122315
2020-02-25,-0.018190529051335225,-0.03387217366322237,-0.040633739641448896,-0.04553132270813076,-0.0384087676274405,-0.043283987141338076,-0.023352361226139484,-0.03321264162246873,-0.05776172217712694,-0.002667845566491467,0.03594599543391053,-0.020684136786893847,-0.029431550548078222,-0.004804110722476551,-0.013461996283358868,-0.030279995565056117,0.0065,-0.036779995565056116
2020-02-26,0.0034723154697764436,0.015863715538987133,-0.026390470576789893,-0.032685399895929335,0.06562053760959041,0.004767480829936721,0.05318113274803382,-0.016448026934947624,0.005363955875934634,0.015223018693259593,0.025828275932077815,0.008800453838444744,-0.004223248592629236,0.02172296587638578,0.027806333988530163,-0.0037785406053220116,0.0065,-0.01027854060532201
2020-02-27,-0.04813618912879303,-0.06536822595216984,-0.12814581509376033,-0.051141528950464976,-0.027309168490104896,-0.05834610682920072,-0.019855497767108488,-0.03873836113779838,-0.04801826465523806,-0.017773338201759747,-0.012970455887372112,0.0037578683568542104,-0.02996597304316473,-0.03161913792724658,-0.038076069959563474,-0.04416324258407911,0.0065,-0.05066324258407911
2020-02-28,-0.00029191148642548903,-0.0005849648415530151,-0.016214991164397285,0.04716069705345882,-0.045417093885965154,-0.043960327998201376,-0.007209902174784899,-0.008368265582350598,0.0024019200645417627,0.014485691061726813,0.01932491557488447,-0.0002674725526949917,-0.008529202758866039,0.010320873057732882,0.0028644997730056243,-0.008238340444361891,0.0065,-0.01473834044436189
2020-03-02,0.03726606565195745,0.09310065710023085,0.1132201904658785,0.03033090791691273,0.08708196324984474,0.051470337014537515,0.032571847962042266,0.0322008694109035,-0.0039936343748226966,0.014326902536245578,-0.013903008914684878,0.024608854485695497,0.03650699375287858,0.03974747918875665,0.12438330626592031,0.046039229006110016,0.0065,0.03953922900611002
2020-03-03,-0.023009781243647165,-0.0317592296728787,0.0025416609553763347,-0.029438025865141326,-0.015782617880546357,-0.029902838956707534,-0.03222673972625556,-0.04475049158551403,0.008019214779712458,-0.01692099790370649,-0.019225840355548196,-0.009659285444119203,-0.028874380710563474,-0.019649988926433992,-0.04249423060065627,-0.028107896121075893,0.0065,-0.03460789612107589
2020-03-04,0.03501326154785467,0.04638450193102006,0.005351966203106517,0.006433831619276242,0.024255606482195935,0.008908844856033937,0.040730048482044756,0.018918973098650982,0.03500406420627433,0.02193724011099385,0.06455832015321805,-0.0003954976618576467,0.0031599596839639865,0.040087558601521245,0.05909312149157797,0.04220259077449118,0.0065,0.03570259077449118
2020-03-05,-0.026216793909353386,-0.03243699178823145,-0.033302130346912984,-0.07945204161636177,0.0015786505713506482,-0.0803546213349694,-0.02868758831780871,-0.05857646893551427,-0.008455131548367967,-0.0023589355735158524,0.010066286570588945,-0.0042194054625018795,-0.004080708015177903,-0.02365111040494039,0.016169416691867777,-0.033922077046888544,0.0065,-0.04042207704688854
2020-03-06,-0.011922923825126497,-0.013280147074288928,-0.029066755989007098,-0.06653429546297696,0.05372398648944765,0.007527716295404829,-0.010220498876200246,-0.01760977753701798,-0.009302320539338882,-0.032251996158531804,-0.0777831990864013,-0.07600633102380483,-0.0675005615824733,-0.011842771725872336,-0.05513220850202172,-0.01705385200037013,0.0065,-0.023553852000370128
2020-03-09,-0.05285387976123124,-0.07909193243608159,-0.13572525720249962,-0.1265957011558968,-0.08352045128691321,-0.13402961995591223,-0.06092639215100171,-0.10372853194279708,-0.03599369447366063,-0.034108657878993975,-0.05166049434416309,-0.05474347609128338,-0.15109464809189377,-0.0588341937979413,-0.053368121635278154,-0.07596969747745097,0.0065,-0.08246969747745098
2020-03-10,0.05065503450470521,0.0720215555670578,0.06139799245279698,0.07795379886379639,-0.016049952072244134,0.01690362446116156,0.05091060390086688,0.05333340134606912,0.004870126974526379,0.04416672855304893,0.037242917444034074,0.05730744135481203,0.044769404880701025,0.05170750874649954,0.04735653713040522,0.04939630628156144,0.0065,0.04289630628156144
2020-03-11,-0.037508834324689766,-0.03473051124466131,-0.017200453178938147,-0.07231645636943129,0.018800135911395843,-0.1815072666673756,-0.039024500218407754,-0.06658238429185259,-0.05331176167121643,-0.036242045397836375,-0.07824218094380841,-0.025379935435672518,-0.07631468748589076,-0.04164369154490477,-0.006459341212721514,-0.048868445131273974,0.0065,-0.05536844513127397
2020-03-12,-0.07922080838749879,-0.09875474531139683,-0.1161723663579346,-0.11936662705930046,-0.060805275462989306,-0.1810873977236256,-0.09907982423787387,-0.15080004980591155,-0.10068258774819339,-0.06942837114443445,-0.08197678712459888,-0.050316288178962276,-0.10793264772113553,-0.06795571308676107,-0.07873827483457096,-0.09511268097833658,0.0065,-0.10161268097833659
2020-03-13,0.06464831749508493,0.11980830272454579,-0.024850620797657208,0.08575377605207324,0.03164193533496884,0.09919917962819569,0.06677236413312837,0.19770039087170965,0.05692596023939456,0.04808208321455765,0.042115260510424024,0.006506555369308664,0.09419835530720766,0.0727049400268327,0.03789861020781515,0.09287124972971839,0.0065,0.08637124972971838
2020-03-16,-0.05369746531425068,-0.128647022232667,-0.18577803614478428,-0.1515924229015726,-0.026148452702920322,-0.2384841190698378,-0.11138861972882097,-0.15600001415775322,-0.0816876231547854,-0.07809275204373389,-0.08052262627824525,-0.11112822972215708,-0.12310813738944304,-0.1403407575893677,-0.11256604152765415,-0.11984055240393443,0.0065,-0.12634055240393444
2020-03-17,0.07026607446986333,0.04397005727750081,-0.03341046380880208,0.06306314200370045,0.08156753531831207,-0.04220354289749351,0.06997056591603945,0.06761466942773109,-0.0048875175753788636,0.033323965623062834,0.05023134323419143,0.08831166188954276,0.021877788808211562,0.08106899832588454,0.08825189124649335,0.05995484974402432,0.0065,0.05345484974402432
2020-03-18,0.012257741060410998,-0.024479886436306053,-0.16034399666236165,-0.06779665139397328,0.06575412382109436,-0.1792331247736041,-0.013385453570905037,-0.08996749766945134,-0.04027505547736432,-0.026026717288758938,-0.1331026229764205,0.06555294903115194,-0.08434642996002117,-0.08590857885430747,-0.016949093534391224,-0.051830762729157875,0.0065,-0.058330762729157874
2020-03-19,0.027830630443135274,-0.007662101181028502,0.18387680604606582,-0.018181757565549406,-0.010954366924381342,-0.04102463765055686,0.05249309758301979,0.00552846775274185,-0.024565081214454998,0.004888916015624911,-0.06388378839465214,-0.05211291048010158,0.038538423735515304,-0.0014333246081628115,-0.012997391738742037,0.0047078080405855705,0.0065,-0.0017921919594144292
2020-03-20,-0.018522798241161653,-0.06348554075934165,-0.0002572628128745258,0.0061728185454730244,-0.06734563475320599,-0.027632759937987306,0.0024093840794805477,-0.04042697282900176,0.0010493872320640474,0.002321971238431919,-0.025591381594848084,-0.04662884539725343,-0.028849529982540645,0.014581885914287884,0.012093544047606208,-0.04335951230846191,0.0065,-0.04985951230846191
2020-03-23,0.0307352248725119,-0.021244122554864298,0.01581181504218354,-0.06288340677683579,-0.008872563362863906,0.11167245944420001,0.08244450184313057,-0.06268961417585772,0.0031445474094469184,-0.027358006786415756,-0.05133303029284142,-0.09798414177663917,0.036579799064198726,0.01639340991116045,0.0252257240251883,-0.02929386782180443,0.0065,-0.03579386782180443
2020-03-24,0.019586626441663535,0.10032536838517658,0.16281744931685216,0.14729947709692026,0.018592546142331523,0.20886192941618376,-0.00818825264221823,0.19453449416761348,0.03552774174235673,0.0533628436970055,0.1514261991294361,0.06246565008024563,0.060238213811421026,0.07976146181460786,0.06216000189697457,0.09382773976227554,0.0065,0.08732773976227554
2020-03-25,-0.02796763592001883,-0.005508734682719174,0.06782176707050591,0.07845938584648526,-0.05813960825422693,0.24318605379189218,-0.04178325414125028,0.023178793549694987,0.024217947822433805,0.015127846883411733,0.020036401521821068,0.02379312186405569,0.04027982733687785,0.002660123001241743,0.008290664874506026,0.011535011448221999,0.0065,0.005035011448221999
2020-03-26,0.03693315746639492,0.052622990985101925,-0.020565551426258155,0.07407407407407418,0.06029291619533872,0.1374661873088745,0.060165234687376445,0.05060308933619351,0.05418722750725302,0.035850709870339115,-0.004285744258335611,0.09700232768480199,0.011412233358281565,0.01775511866219892,0.015961302823872314,0.062414163303876835,0.0065,0.055914163303876836
2020-03-27,-0.02832538899460113,-0.041402210494614455,-0.026128465212773233,-0.06157643883557096,-0.013674611536462766,-0.10274163798512992,-0.0161712313703124,-0.0476058199843542,-0.05046725988185541,-0.03445633183474506,-0.08070301534177426,-0.08658273629865443,-0.03213783213545118,-0.05935429123926872,-0.04427509807113972,-0.033687352562252526,0.0065,-0.040187352562252525
2020-03-30,0.03360348213585329,0.028537906693225867,-0.02377711239525171,0.03543310991482507,0.04227868049082817,-0.060000007535204514,0.03875447056205594,0.024404614257439894,0.0029526557532546516,0.01421076402042365,-0.0011704557268498172,0.0008403233119420594,0.03705636038832183,0.019398796981236144,0.0059775306263647465,0.03351600948370015,0.0065,0.02701600948370015
2020-03-31,-0.007245592210870289,-0.002040730903884236,0.04355446239344318,0.0063372052311998495,-0.015408922639474465,-0.02061990684803794,0.012238539598606879,-0.024110175687463542,0.05103055867762896,0.016782513637138452,0.06210938003496258,0.030898407660142846,0.03854264303987631,-0.0006273225172105379,0.0027234615502309545,-0.016012721914555605,0.0065,-0.022512721914555604
